compounds,cluster,compound_name
NS00089252,1,(S)-2-hydroxy-4-(methylthio)butyric acid
NS00035310,1,TP1/Dimethylcetylamine
NS00102499,0,2-[4-[(4-Ethoxyphenyl)methylamino]phenyl]-1-ethylbenz[cd]indolium methyl sulphate
NS00063766,1,"2-[(2-Amino-6-oxo-3,6-dihydro-9H-purin-9-yl)methoxy]-3-hydroxypropyl acetate"
NS00006101,0,Methyl 4-fluorobenzoylacetate
NS00046395,0,"10-Undecenamide, N-(2-hydroxyethyl)-"
NS00091137,0,NS00091137
NS00021215,0,Iminodipropanol
NS00014194,0,2-(1-Methylnonyl)phenol
NS00057345,0,"5-Oxo-DL-proline, compound with ethyl L-argininate (1:1)"
NS00064794,0,"Cyclopentane, methoxy-"
NS00048825,0,Piperidin-3-ylmethanol
NS00050657,0,NS00050657
NS00103548,0,N-(5-Methyl-3-heptanylidene)hydroxylamine
NS00004279,0,"Pyridine, 2-ethenyl-6-methyl-"
NS00100374,0,TP1/2-((2-(Diethylamino)ethyl)amino)ethanol
NS00023620,0,"2,2'-[(1-Methylethylene)bis(oxymethylene)]bisoxirane"
NS00054299,0,(S)-2-amino-4-methylpentan-1-ol
NS00081965,0,"2,6-Di-tert-butyl-4-[(dimethylamino)methyl]phenol"
NS00043676,0,5-Hexen-1-ol
NS00096088,0,Vinyl isobutyl ether
NS00083027,0,"1-Propanol, 3-(dimethylamino)-"
NS00022817,0,Methyl valinate hydrochloride
NS00044243,0,"Tetrahydro-N,2-dimethyl-2-furfurylamine"
NS00007963,0,Methyl L-leucinate
NS00008811,0,Tetrahydrofurfuryl-2-methylamine
NS00035281,0,N-Ethylvaleramide
NS00035810,0,"Ethanol, 2,2'-iminobis-, diacetate (ester)"
NS00040068,0,"(R*,S*)-(1)-4,4'-Oxydibutan-2-ol"
NS00091023,0,Leucine
NS00013838,0,"TP3/Propanamide, 2,2'-(1,2-diazenediyl)bis[N-(2-hydroxyethyl)-2-methyl-"
NS00103035,0,"3-(Cyclohexylamino)propane-1,2-diol"
NS00050768,1,"Valeramide, 2,2-dimethyl-"
NS00062156,1,Triammonium hydrogen [(propylimino)bis(methylene)]diphosphonate
NS00056840,0,"2,3-Dihydro-3-hydroxy-2-imino-6-phenoxypyrimidin-4-amine"
NS00024165,0,2-(Dimethylamino)-N-hydroxy-2-oxoacetimidoyl chloride
NS00022433,0,"1-Propanamine, N,2-dimethyl-"
NS00035064,0,"2-Propanone, 1-methoxy-"
NS00102770,0,TP2/Iminobis-3-propylamine
NS00007443,0,N(2)-Dimethylguanine
NS00041074,1,NS00041074
NS00026901,0,"2-Propen-1-amine, N,N-dimethyl-"
NS00048736,1,2-Bromononan-1-oic acid
NS00037685,0,Methyl L-leucinate hydrochloride
NS00028851,0,"Acetonitrile, piperidino-"
NS00096178,0,"Cis,cis-7,10,-hexadecadienal"
NS00045309,0,Decynyl methyl carbonate
NS00011059,0,"2-[N-(1,1-Dihydroperfluoroundecylsulfonyl)-N-methylamino]ethyl acrylate"
NS00103545,0,"TP1/1,2-Ethanediamine, N'-(2-aminoethyl)-N,N-diethyl-"
NS00049730,0,"3,3'-[(2,3-Dihydroxypropyl)imino]bispropiononitrile"
NS00035130,0,Pentanamide
NS00093763,1,Syriogenin
NS00023061,0,"Formamide, N-(1,1,3,3-tetramethylbutyl)-"
NS00013586,0,DIISOBUTYL  OXALATE
NS00039473,0,"Propane, 2-(ethenyloxy)-2-methyl-"
NS00102762,0,TP2/Putrescine
NS00037965,1,"Benzo-1,3-dioxole-4-carboxaldehyde"
NS00048453,0,N-glycyl-L-isoleucine
NS00032942,0,4-Phenylbutyrophenone
NS00005583,0,"2-Butene-1,4-diol"
NS00011457,0,"1-(2-Hydroxyethyl)-2,2,6,6-tetramethyl-4-piperidinol"
NS00055205,0,1-(2-Chloroethyl)-4-methylpiperidinium chloride
NS00102186,0,TP1/2-Methylpentanediamine
NS00083573,0,"Cyclohepta-1,3-diene"
NS00007728,0,"Ethanol, 2-[2-(2-azabicyclo[2.2.1]hept-2-yl)ethoxy]-"
NS00029751,0,4-Ethylpiperazin-1-amine
NS00010210,1,Inosine
NS00009560,0,Tetradecylamine
NS00081193,1,Lithium p-toluenesulphonate
NS00037221,0,N-(4-Pyridylmethyl)ethylenediamine
NS00060903,0,"Disodium 7-amino-3-[[2,5-dimethyl-4-[(2-methyl-4-sulphonatophenyl)azo]phenyl]azo]-4-hydroxynaphthalene-2-sulphonate"
NS00046545,0,N-a-acetyl-L-lysine
NS00050529,1,1-Methyl-3-nonylindan
NS00033667,0,Gamma-Methylleucine
NS00015508,0,Trans-2-Aminomethyl-1-cyclohexanol
NS00084059,0,"Myristic acid, compound with 2-aminoethanol (1:1)"
NS00013974,0,Phenyl benzoate
NS00034473,0,"2,4,6-Tris(alpha-methylethyl)-m-cresol"
NS00044655,0,"1,2-Epoxyhexane"
NS00044596,0,Methyl 3-(dimethylamino)-2-methylpropionate
NS00079683,0,Trans-hex-3-en-1-ol
NS00102480,0,TP1/N-Cyclohexyldocosanamide
NS00069406,0,Preq1
NS00103524,0,TP1/N-(Butoxymethyl)acrylamide
NS00064969,0,"A-(aminomethyl)-2,2-dimethyl-1,3-dioxolane-4-methanol"
NS00095021,1,2-[2-(Tetradecyloxy)ethoxy]ethyl hydrogen sulfate
NS00057390,0,"2,2,5,9-Tetramethyldeca-4,8-dienal"
NS00001643,0,"1,3-Benzenedimethanamine"
NS00061985,0,(E)-14-methylhexadec-8-enal
NS00054645,0,"Benzenesulfonamide, N-hydroxy-"
NS00015713,0,2'-O-Methylguanosine
NS00014685,0,Trans-4-aminocyclohexan-1-ol
NS00076950,0,9-Anthracenemethanol
NS00024812,1,(S)-2-methylbutylamine
NS00087817,0,1-Propyl-1H-imidazole
NS00055559,0,"1-Pentanone, 1-(2,6,6-trimethyl-1-cyclohexen-1-yl)-"
NS00037824,0,S-(-)-Salsolinol
NS00094134,0,NS00077167
NS00077167,0,"Methanol, (diethylamino)-"
NS00025185,0,"4-(2,6-Dimethylhepta-1,5-dienyl)heptane-2,6-dione"
NS00059677,0,"1,2,3,4-Tetrahydro-1-methyl-4-octylnaphthalene"
NS00053904,1,ß-Methylaziridine-1-propiononitrile
NS00048063,0,Isoquinolin-1-amine
NS00048280,0,Isopropyl formate
NS00022549,0,"1-Propene, 3-propoxy-"
NS00024818,0,Cyclopentanemethylamine
NS00044980,0,"TP3/1-Hexadecanaminium, N,N,N-trimethyl-, methyl sulfate"
NS00103380,0,Valpromide
NS00008328,0,"Glycine, N,N-diethyl-, ethyl ester"
NS00028114,0,2-Ethylhexyl 2-hydroxyethyl hydrogen phosphate
NS00092792,0,"2,6-Dimethylmorpholine"
NS00076951,0,"N,N-Dibutylformamide"
NS00009641,0,4-Methylpent-4-en-2-ol
NS00045019,0,"1-Propanamine, 3-ethoxy-"
NS00004755,0,3-[(2-Aminoethyl)amino]propiononitrile
NS00050966,0,"9-Fluoro-11ß,17,21-trihydroxy-16ß-methylpregna-1,4-diene-3,20-dione 21-nonanoate"
NS00054401,0,"Phenol, 2,4-dimethyl-6-(1,1,3,3-tetramethylbutyl)-"
NS00035198,0,N-butylidenebutylamine
NS00045098,0,(R)-n-(1-methyl-hexyl)-formamide
NS00070152,0,"Trans,trans-Farnesol"
NS00007807,0,Binimetinib
NS00072273,0,4-Chloroacetoacetamide
NS00030507,1,Castanospermine
NS00069171,0,"2,4,5-Trimethylimidazole"
NS00038184,0,4'-Phenylbutyrophenone
NS00024188,0,"Phenol, 4,6-bis(1,1-dimethylethyl)-2,3-dimethyl-"
NS00037111,0,2-(2-Butoxyethoxy)ethanol
NS00007962,0,"TP1/Ethane-1,2-diyl bis(sulfanylacetate)"
NS00102891,1,"3-Butene-1,2-diol"
NS00042554,0,Triacetin
NS00010706,1,"Butene-1,4-diol"
NS00022006,0,Trans-Nerolidol
NS00004499,0,4-Ethyl-2-heptyl-2-oxazoline-4-methanol
NS00054095,0,4-Aminopentan-1-ol
NS00042621,0,2-Acetylfluorene
NS00037973,1,Cyclobutylamine
NS00081755,0,"6-Ethyl-3,5-bis(isopropyl)-6-methylcyclohexen-1-one"
NS00066253,0,NS00103253
NS00103253,0,1-(Hydroxymethyleneamino)-8-hydroxy-octane
NS00070320,0,"1-Butanamine, N-(2-methylpropyl)-"
NS00026740,0,4-Methylpent-4-ene-1-ol
NS00027204,0,"5-Oxo-DL-proline, compound with trimethylamine (1:1)"
NS00090372,0,3-(3-Pyridylmethylamino)propanenitrile
NS00029514,0,TP1/Tris(2-ethylhexyl) phosphate
NS00102326,0,2-Methylpentanal
NS00004366,0,Methyl 3-diethylaminobutyrate
NS00059461,0,"7,8-Dimethylalloxazine"
NS00015106,1,"2,2-Diethoxyethyl(diethyl)amine"
NS00023504,0,"3-Penten-1-ol, 3-methyl-"
NS00047763,0,2-(Isopropylamino)ethanol
NS00025603,0,"Benzenepropanoic acid, .beta.-(aminomethyl)-"
NS00021506,0,Trans-13-Octadecenoic acid
NS00018243,0,"2,4,4-Trimethyl-1,5-diazaspiro[5.5]undec-1-ene"
NS00076555,0,"Octahydro-5,5,8,8-tetramethylnaphthalene-2(1H)-one"
NS00062418,0,"2,4-Di-tert-butyl-6-ethylphenol"
NS00060560,0,"TP5/Bis[(3,4-epoxycyclohexyl)methyl] adipate"
NS00035202,0,3-Aminopentanenitrile
NS00103996,1,(E)-octadec-11-enoic acid
NS00037706,0,"1,3-Dioxolane-2-ethylamine"
NS00041923,0,Pentaethylene glycol
NS00033746,0,"1-(4-Butoxy-2,2,6,6-tetramethyl-3-cyclohexen-1-yl)ethan-1-one"
NS00001002,0,2-[2-(2-Hydroxypropoxy)propoxy]propan-1-ol
NS00052552,0,2-Acetyl-10-propionyl-10H-phenothiazine
NS00077386,0,Choline
NS00039548,1,"Oxetane, 2,3,4-trimethyl-, (2.alpha.,3.alpha.,4.beta.)-"
NS00099790,0,NS00054039
NS00096142,0,Propylene carbonate
NS00054039,0,Ethylideneaniline
NS00004305,0,2-Aminopurine
NS00045458,0,Piperidine-1-valeronitrile
NS00031498,0,(Diethylamino)acetone
NS00045571,0,2-Ethylpiperidine
NS00025285,0,Tert-butyloxirane
NS00045477,0,N1-methyl-1-phenylethylenediamine
NS00048592,0,"3-Carboxy-1,4-dimethyl-1H-pyrrole-2-acetic acid"
NS00054637,0,5-Chloro-3-ethyl-2-methylbenzoxazolium p-toluenesulphonate
NS00029473,0,2-Methylpent-2-en-1-ol
NS00054841,1,Pinacidil
NS00045866,0,4-Hydroxymethylpiperidinium chloride
NS00055981,0,Hexanal
NS00056340,0,3-(Dimethylamino)-2-methylpropan-1-ol
NS00009211,0,Tetrofosmin
NS00060476,0,DL-β-Leucine
NS00069184,1,"(3R,4S)-4,6,8-Trihydroxy-7-methoxy-3-methyl-3,4-dihydro-1H-isochromen-1-one"
NS00014836,0,"1,8-Diazabicyclo[5.4.0]undec-7-ene"
NS00097123,1,"2,3,4,5-Tetrahydropyridin-3-amine"
NS00004166,0,TP1/Erythritol
NS00071658,0,Pantothenic acid
NS00102866,1,"TP1/[1,1'-Biphenyl]-4-carboxaldehyde"
NS00069969,0,"TP3/N-(6-Aminohexyl)hexane-1,6-diamine"
NS00104027,0,"9-Octadecenoic acid (9Z)-, 2-hydroxyethyl ester"
NS00102760,0,"2-Propen-1-amine, N-methyl-"
NS00013716,1,"Propionitrile, 3-(hexahydro-1H-azepin-1-yl)-"
NS00035152,0,"9,10-Anthracenedione, 1,4-bis(pentylamino)-"
NS00039585,0,Pyrimidine-2-ol hydrochloride
NS00021088,0,"Hexahydro-2,4,6-trimethyl-1,3,5-triazine"
NS00088871,1,4-(2-Hydroxyethyl)morpholine
NS00042532,0,Dilithium succinate
NS00006792,0,"1,13-Tetradecadien-3-one"
NS00087758,0,Propan-2-yl 2-aminopropanoate
NS00096018,0,"4,4-Piperidinediol, hydrochloride"
NS00040730,0,N-(2-hydroxypropyl)hexanamide
NS00056998,0,Tetraethylammonium cyanide
NS00050237,0,"1,2-Ethanediamine, N-ethyl-N',N'-dimethyl-N-phenyl-"
NS00086903,0,"N,N-Bis(2-hydroxyethyl)dodecanamide"
NS00028351,0,3-Methylphenylalanine
NS00010591,0,N-Methylleucine
NS00068713,0,"N,N-dimethylvaleramide"
NS00068281,0,Nonadecan-10-amine
NS00044817,0,NS00042224
NS00029275,0,"Dipropylene glycol, dibenzoate"
NS00042224,0,N-Methylglycine
NS00050141,0,"Methanone, phenyl(2,4,6-trimethylphenyl)-"
NS00004104,0,NS00062444
NS00005559,0,Benzyl L-histidinate dihydrochloride
NS00062444,0,4-(Dimethylamino)butan-1-ol
NS00029058,0,Isobutylidene(ethyl)amine
NS00024277,0,1-Nitronaphthalene
NS00046789,0,"TP3/1,3,5-Triazine-1,3,5(2H,4H,6H)-tripropanamine, N,N,N',N',N'',N''-hexamethyl-"
NS00039134,1,"2,6-Di-tert-butyl-3-ethylphenol"
NS00102666,0,NS00103523
NS00040292,0,(2-Ethylhexyl)ammonium acetate
NS00103523,0,(Z)-3-Hexen-1-ol
NS00088240,0,"Octahydro-1,1,5,5-tetramethyl-8aH-2,4a-methanonaphthalen-8a-yl formate"
NS00006775,0,"Ethanamine, 2,2-dimethoxy-N,N-dimethyl-"
NS00063832,0,"1,3,3-Trimethyl-2-[[methyl[4-(phenylazo)phenyl]hydrazono]methyl]-3H-indolium chloride"
NS00030446,0,Ethyl L-leucinate
NS00059093,1,4-Nonyl-o-cresol
NS00083760,0,6-Aminocaproic acid
NS00024679,0,Hex-2-en-3-ol
NS00014764,0,"1-Isopropyl-N,N,2,-trimethylpropylamine"
NS00054884,0,"2,2-Dimethylaziridine"
NS00033127,0,"Butyric acid, compound with triethylamine (1:1)"
NS00048111,0,Diethylene glycol monoisobutyl ether
NS00089696,0,1-Methylpyrrolidine-2-methanol
NS00021795,0,"1-Amino-3-[(1,1-dimethylethyl)(phenylmethyl)amino]propan-2-ol"
NS00048442,0,"9-Octadecenoic acid, 12-hydroxy-, ethyl ester, (9Z,12R)-"
NS00057545,0,"3-Chloro-2-methylpropane-1,2-diol"
NS00012416,1,"Hexadecenoic acid, z-11-"
NS00043245,1,Hypoxanthine
NS00095822,0,"4,5-Dimethyl-1,3,2-dioxathiolane 2-oxide"
NS00010150,1,Benzyldimethyltetradecylammonium
NS00047788,1,"Piperidine-1,2-diethanol"
NS00005741,0,(E)-hex-4-en-1-ol
NS00059985,0,TP4/3-[(3Z)-Hex-3-en-1-yloxy]propanenitrile
NS00079935,0,"3-(Propylamino)propane-1,2-diol"
NS00103184,0,2-Isopropyl-2-methyloxirane
NS00061765,0,Aceturic Acid
NS00031022,0,"4-Piperidinol, 1-methyl-"
NS00023412,0,"Piperidine, 1-methyl-"
NS00020786,0,"1,2-Dimethoxyethylene"
NS00089319,0,"4,8-Dioxaundecane-1,11-diol"
NS00007867,0,"Isononanamine, N-isononyl-"
NS00054790,0,3-Phenyl-1-indanone
NS00010746,1,2-(2-Chloroethyl)-1-methylpiperidine
NS00103741,0,"TP2/Cyclohexanamine, N-methyl-"
NS00103743,0,"Propanamide, N,N-dimethyl-"
NS00037738,0,NS00103741
NS00012361,0,"Cyclohexene, 1-ethoxy-4-(1-ethoxyethenyl)-3,3,5,5-tetramethyl-"
NS00004207,0,"2-Amino-3,4,5,6-tetrahydropyridine"
NS00053875,0,2-Methoxy-1-[(1-methoxypropan-2-yl)oxy]propane
NS00005988,0,Trimethoxymethane
NS00005434,0,"5-Oxo-L-proline, compound with trimethylamine (1:1)"
NS00088456,0,Benzododecinium
NS00102603,0,"TP1/Phthalimide, N-propyl-"
NS00001938,0,Ethyl acetate
NS00038744,0,A-methylbicyclo[2.2.1]heptane-2-propionaldehyde oxime
NS00071896,0,"2,6-Dimethyl-4-[(e)-2-Phenylethenyl]phenol"
NS00062566,0,"2,5-Dimethyl-1-(2-thienylmethyl)pyrrole-3-carboxylic acid"
NS00096856,0,5-Hydroxybenzofuran-2-one
NS00028219,1,2-(2-(2-Butoxyethoxy)ethoxy)ethylamine
NS00054928,1,1-Hexadecylpyridinium
NS00096492,0,(Z)-7-Hexadecenoic acid
NS00062801,1,2-[4-[(4-Ethoxyphenyl)methylamino]phenyl]-1-ethylbenz[cd]indolium chloride
NS00006048,0,"1,1'-[2-Methyl-3-(pent-2-enyl)-2-cyclopenten-1-ylidene]bis(1H-indole)"
NS00047355,0,Ethylmorpholinium bromide
NS00029428,0,Ethyl L-lysinate monohydrochloride
NS00102518,0,"TP1/1H-Imidazole, 1-dodecyl-"
NS00045621,0,4-(2-Hydroxypropyl)morpholine
NS00093264,0,"N,N-bis(2-hydroxyethyl)dodecanamide monoacetate"
NS00102657,1,Lysine
NS00003109,0,"A,2,6-trimethylmorpholin-4-ylethanol"
NS00055916,0,TP1/Epichlorohydrin
NS00095016,1,C12-Alkyl 3 ethyl sulfate
NS00046167,0,N-(tert-butyloxycarbonyl)-L-threonine
NS00046431,1,"5-Ethyl-2,6-bis(isopropyl)-5-methylcyclohex-2-en-1-one"
NS00014086,0,5-Chloromethyl-2-iminooxazoline
NS00065790,0,"3-[(2,4-Dihydroxy-4-methylpentanoyl)amino]propanoic acid"
NS00104010,0,"1,4-Oxathiane 4,4-dioxide"
NS00041137,1,TP1/Isocyanatocyclohexane
NS00035766,0,"Hydrazine, cyclohexyl-"
NS00077137,0,"Phosphonic acid, p-aminobenzyl-, diethyl ester"
NS00014425,1,"N,N-Dimethylhexylamine"
NS00026514,1,"Amines, C16-22-alkyl"
NS00005371,0,"2,6-Di-tert-butyl-4-ethylphenol"
NS00020303,0,Beta-(4-Fluorobenzoyl)propionic acid
NS00031368,0,(5Z)-3-Methylcyclotetradec-5-en-1-one
NS00006716,0,"Pentanamide, 2-ethyl-3-methyl-, (2S,3S)-"
NS00068717,0,BDE-35
NS00006709,0,"1-Isopropyl-N,N-dimethylcyclohexanecarboxamide"
NS00043957,0,(S)-2-(acetylamino)-6-amino-N-methylhexanamide
NS00032233,0,Butyl vinyl ether
NS00059490,0,"4-(Dimethylamino)-a,2-dimethylphenethylamine"
NS00103389,0,Sodium 1-[(hydroxymethoxy)methoxy]cyclohexanesulphonate
NS00076905,0,"N,N-Dimethyl-2-(stearoyloxy)ethanaminium formate"
NS00066062,1,"TP2/Octadecanamide, N-[2-(diethylamino)ethyl]-"
NS00033879,1,2-Nitronaphthalene
NS00028996,0,"2,2-Dimethoxyethanol"
NS00102608,0,"N-(2,5-dichlorophenyl)-3-hydroxy-4-[[2-methoxy-5-[(phenylamino)carbonyl]phenyl]azo]naphthalene-2-carboxamide"
NS00095796,0,TP1/1-Ethyl-2-pyrrolidinone
NS00064230,0,N-Octylformamide
NS00049466,0,"4,4'-Oxybisbutan-1-ol"
NS00096358,0,"3,3'-Oxybis-2-butanol"
NS00004806,1,Esculetin
NS00020925,0,"1-Propanaminium, 3-[(2-ethylhexyl)oxy]-2-hydroxy-N-(2-hydroxy-3-sulfopropyl)-N,N-dimethyl-, inner salt"
NS00090452,0,(S)-methylpyrrolidine-2-methanol
NS00046367,0,L-2-amino-3-methylbutan-1-ol
NS00008981,0,Dimepranol
NS00071602,0,"7,8-Diamino-Nonanoic Acid"
NS00048572,0,2-[2-[2-(Tridecyloxy)ethoxy]ethoxy]ethanol
NS00014752,0,5-Aminovaleric acid
NS00003039,0,"3-Oxazolidineethanol, 2-(1-methylethyl)-"
NS00077226,0,N-methyl-N-(1-phenylpropan-2-yl)formamide
NS00014438,0,Diallyldimethylammonium chloride
NS00025426,0,Ethyl 2-methylalaninate
NS00023564,0,"Spiro[3H-2,1-benzoxathiole-3,9'-[9H]xanthene]-3',4',5',6'-tetrol, 2',7'-dibromo-, 1,1-dioxide"
NS00002868,0,8-Isopropyl-8-azabicyclo[3.2.1]octan-3-one
NS00012900,0,N-((3E)-5-Methyl-3-heptanylidene)hydroxylamine
NS00058046,0,N-(2-hydroxyethyl)-2-(isopropyl)-5-methylcyclohexanecarboxamide
NS00077882,0,(3-(Formylamino)propyl)dimethylammonioacetate
NS00046208,0,"1,2,4,5-Tetramethyl-1H-imidazole"
NS00027804,0,5-Aminopentan-1-ol
NS00066302,0,4-Aminocyclohexanol
NS00008056,0,2-(Dimethylamino)ethyl 3-[2-(vinyloxy)ethoxy]isobutyrate
NS00032977,0,"2,2-Dimethylpiperidine"
NS00033468,0,"Acetamide, N-[5-[bis(2-hydroxyethyl)amino]-2-[(2-chloro-4,6-dinitrophenyl)azo]-4-methoxyphenyl]-"
NS00048329,0,Ethyl L-leucinate hydrochloride
NS00002465,0,1-Hydroxyfluoren-9-one
NS00035438,0,N-Ethylcyclohexylamine
NS00038822,0,"1-(2,2-Dimethoxyethoxy)butane"
NS00098131,1,C12-DATS
NS00077761,0,Pentan-1-amine
NS00005040,0,EPOXYHEXMES
NS00014684,0,N2-Methylguanosine
NS00043634,0,"N,1,5-trimethylhexylamine"
NS00026644,0,Diethyl ethylmethylmalonate
NS00062761,0,"1,2-Dimethyl-3-(2,6,6-trimethyl-2-cyclohexen-1-yl)propen-1-yl acetate"
NS00041746,0,TP1/Ethyl 3-(N-butylacetamido)propionate
NS00102568,0,N-DL-leucylglycine
NS00021573,0,"Acetic acid, oxo[(2,2,6,6-tetramethyl-4-piperidinyl)amino]-, hydrazide"
NS00090396,1,"3-(1-Pyrrolidinyl)propane-1,2-diol"
NS00049446,1,Cobalt bis(nonylphenolate)
NS00064003,0,"TP1/Piperidine, 1-ethyl-"
NS00103571,0,N-(prop-2-ynyloxy)phthalimide
NS00013810,0,Dodecanamide
NS00028941,0,4-Tert-Butyl hydrogen L-aspartate
NS00049032,0,Oxybisbutanol
NS00031994,0,TP2/Ethyl 3-(N-butylacetamido)propionate
NS00102569,0,"2-Propenamide, N-(2-hydroxy-1,1-bis(hydroxymethyl)ethyl)-2-methyl-"
NS00014623,0,Perfluoromethoxy perfluoropentane sulfonic acid
NS00039963,0,"3-(4,5-Dihydro-1H-imidazol-2-yl)aniline"
NS00014579,0,2-Methyl-4-(9H-purin-6-ylamino)-2-buten-1-ol
NS00055484,0,"Tetrahydro-4-isopropyl-5,5-dimethyl-1H-pyrimidin-2-one"
NS00066241,0,"2,6,10-Trimethylundeca-1,9-dien-4-yl acetate"
NS00037502,0,"Phenol, 2,4-bis(1,1-dimethylethyl)-5-ethyl-"
NS00026276,0,"N,N,N',N'-Tetramethylsuccinamide"
NS00050809,0,"3-(2-Methylaziridin-1-yl)propane-1,2-diol"
NS00041554,0,(±)-A-(trifluoromethyl)benzyl alcohol
NS00078908,1,"N-(1,1-dimethylpropyl)formamide"
NS00050715,0,5-Amino-1H-imidazole-4-carboxamide monohydrochloride
NS00056686,0,A-methylpyrrolidine-1-ethanol
NS00006765,0,TP4/Octyl decyl dimethyl ammonium chloride
NS00003509,0,"1,1'-Oxybisbutan-2-ol"
NS00102406,0,"1H,3H,5H-Oxazolo[3,4-c]oxazole, 7a-ethyldihydro-3,5-bis(1-methylethyl)-"
NS00059530,0,Azacyclotridecan-2-one
NS00069929,0,"N,N-Dimethylalanine"
NS00064839,1,N-ethyl-2-isopropyl-2-methylhexanamide
NS00085534,0,Potassium decanoate
NS00056746,0,2-Aminoethanesulphonamide monohydrochloride
NS00040070,0,"(R*,S*)-(1)-3,3'-Oxydibutanol"
NS00026939,0,Tert-Butyl L-alaninate
NS00024996,0,1-(Dimethylamino)acetone
NS00022311,0,4-(4-Chlorophenyl)-1H-imidazole
NS00070141,1,N-Propylacetamide
NS00031456,0,2-Amino-2-methyl-butyronitrile
NS00041195,0,2-Methylbutylamine
NS00051561,0,"N,N-diethyl-ß-alanine hydrochloride"
NS00042627,0,(Z)-hex-4-en-1-ol
NS00014420,0,Indoline
NS00086380,0,Cis-Nanophine
NS00032056,0,"TP1/1,2-Ethanediamine, N,N,N',N'-tetraethyl-"
NS00103542,0,Bis(pyrrolidine-1-carboxamidine) sulphate
NS00051630,0,(E)-hexadec-11-enal
NS00073825,0,NS00073825
NS00004874,0,Sulcofuron
NS00051777,0,Tert-butyl L-valinate
NS00004982,1,"1,4-Cyclohexanedicarboxylic acid"
NS00044690,1,Ethyl 2-bromoheptanoate
NS00076945,0,2-Methoxyethyl dimethylolcarbamate
NS00039909,0,(S)-tetrahydrofuran-3-ol
NS00023057,0,"2-Ethyl-5,6-dihydro-3-methylpyrazine"
NS00025204,0,4-(1-Methylnonyl)phenol
NS00051670,0,"2,5,6-Triisopropyl-m-cresol"
NS00013937,0,2-Butoxy-2-oxoethyl butyrate
NS00064267,0,"N,N-Dimethyl-1-hexadecanamine"
NS00007603,0,(±)-Pantothenic acid
NS00104072,1,"TP1/1,3-Dichloro-2-propanol"
NS00002769,0,Carboxin
NS00042213,0,"Tetrahydro-2,5-dimethylfuran"
NS00022541,0,"2-Hexanone, 5-methyl-, oxime"
NS00010868,0,Adenine
NS00057418,0,"Sodium [1,2,4]triazolo[1,5-a]pyrimidin-7-ol"
NS00008136,0,"Phenol, 2,6-dibromo-4-[1-(3-bromo-4-hydroxyphenyl)-1-methylethyl]-"
NS00083382,0,(2-Hydroxyethyl)ammonium palmitate
NS00001272,0,Cyclohexylamine
NS00067711,0,SN 617916
NS00069065,0,C11-DATS
NS00098130,1,"2-Ethyl-2-[[2-(hydroxymethyl)butoxy]methyl]propane-1,3-diol"
NS00044201,1,"N~6~,N~6~-Dimethyllysine"
NS00008761,0,Methyl L-isoleucinate
NS00063772,0,NS00008761
NS00046151,0,"1-Amino-2,2-dimethylpropan-1-ol"
NS00029628,0,Dipotassium epoxysuccinate
NS00056967,0,"3,5,7-Triaza-1-azoniatricyclo(3.3.1.1(superscript3,7))decane, 1-methyl-, chloride"
NS00019686,0,Triisopropylamine
NS00036667,0,Diethylacetamide
NS00001454,0,"TP1/1-Docosanamine, N,N-dimethyl-"
NS00020309,0,"2,2'-Azobis[2,4-dimethylvaleronitrile]"
NS00102482,0,"2-(Isopropyl)-N,5-dimethylcyclohexanecarboxamide"
NS00076902,0,"(R*,S*)-(1)-3-(3-Hydroxybutoxy)butanol"
NS00081568,0,"Poly[oxy(methyl-1,2-ethanediyl)], .alpha.,.alpha.'-(2,2-dimethyl-1,3-propanediyl)bis[.omega.-hydroxy-"
NS00040067,0,"3,3'-Oxybisbutan-1-ol"
NS00058049,0,Tetraethylammonium acetate
NS00093370,0,"Lauric acid, compound with diethylamine (1:1)"
NS00089335,0,Triethyltrimethylcyclohex-2-en-1-one
NS00061787,0,Isooctylamine
NS00021601,0,"1H-Pyrrole-2,5-dione, 1-(3-fluoranthenyl)-"
NS00034340,1,"Benzylamine, N,N-dioctyl-"
NS00007079,0,"1-Butanamine, 3-methyl-"
NS00019528,0,Tetraethylene glycol monoethyl ether
NS00020324,0,"Cyclohexanamine, 4-methyl-"
NS00030547,0,2-((3-Methoxypropyl)amino)ethanol
NS00103421,0,TP1/Tridemorph
NS00004522,0,"2-Butanone, 4-hydroxy-"
NS00065610,0,Sodium 2-ethylhexyl 2-hydroxyethyl phosphate
NS00028591,0,"Phenol, 2-isononyl-4-methyl-"
NS00078191,0,Ammonium myristate
NS00028640,0,Pyrrolidine-1-acetonitrile
NS00044515,0,Cyclobutylammonium chloride
NS00043675,0,N-ethyltetrahydrofurfurylamine
NS00020403,0,"N,N-Bis(2-methylpropyl)formamide"
NS00005728,0,Methyl L-norvalinate--hydrogen chloride (1/1)
NS00010280,1,Perfluorooctanesulfonic acid (PFOS)
NS00021015,0,"1,3-Cyclohexadiene, 2-methyl-"
NS00077374,0,NS00077374
NS00081944,0,Decylammonium acetate
NS00002518,0,"1,5-Dimethylhex-4-enylamine"
NS00044936,1,Drotebanol
NS00074011,0,"2,2',4-Tribromodiphenyl ether (BDE 17)"
NS00025391,0,"Ethyl N,N-dimethyl-ß-alaninate"
NS00069600,0,(E)-2-Hexen-1-ol
NS00070567,0,Methyl 2-bromooctanoate
NS00050107,0,Cyclohexaneethanamine (9CI)
NS00012567,0,N-tert-Butylbutylamine
NS00004819,0,"5-{2-[1-(6-Hydroxy-6-methylheptan-2-yl)-7a-methyl-octahydro-1h-inden-4-ylidene]ethylidene}-2-(3-hydroxypropoxy)-4-methylidenecyclohexane-1,3-diol"
NS00034756,0,"Ethanamine, N-ethyl-N-methyl-"
NS00049238,0,"Monomenthyl succinate, (-)-"
NS00022775,1,"2,2'-Iminodipropanol"
NS00050863,0,Decylphenol
NS00004662,0,"1-Propanamine, N-ethyl-"
NS00031735,1,"1,3-Dihydro-1-oxoisobenzofuran-5-carboxylic acid"
NS00005328,0,Laurylethanolamide
NS00080066,0,4-Amino-4-methylpentan-2-one
NS00044967,0,"(1ß,2A,4a)-p-menth-2-yl hexanoate"
NS00027714,1,"2,3-Dihydroxybenzaldehyde"
NS00023852,0,"3,3-Dimethylpiperidine"
NS00012100,0,3-Phenyl-2-propenyl Benzeneacetate;
NS00040268,1,"4,5-Dihydro-5-oxo-1-phenyl-1H-pyrazole-3-carbohydrazide"
NS00058223,0,4-(3-Hydroxybutoxy)butan-2-ol
NS00070158,0,NS00104098
NS00104098,1,4-Hydroxybenzoic acid
NS00045638,0,Ethyl alaninate hydrochloride
NS00005418,1,2-[2-(2-Methoxyethoxy)ethoxy]propane
NS00054241,0,2-Ethyl-2-methyloxazolidine-3-ethanol
NS00022521,0,Titanium cyclohexan-1-olate (1:4)
NS00005079,0,"2-Amino-2,3-dimethylbutanenitrile"
NS00046667,0,"1-Hexanol, 6-amino-"
NS00030800,0,(E)-9-Octadecenoic acid
NS00070410,0,"Ethanol, 2,2'-(cyclohexylimino)bis-"
NS00028824,0,"1,5-Diazabicyclo(4.3.0)non-5-ene"
NS00004830,0,N-Benzyl-N-hydroxy-1-phenylmethanamine
NS00053008,0,M-[[4-[[4-[bis(2-hydroxyethyl)amino]phenyl]azo]-1-naphthyl]azo]benzenesulphonic acid
NS00049420,0,N-DL-alanyl-DL-norvaline
NS00080659,0,DL-allo-isoleucine
NS00079339,1,Dl-Tartaric acid
NS00028600,0,2-(Dimethylamino)ethyl propionate
NS00024186,0,"Phenol, 4-methyl-2-nonyl-"
NS00044724,0,N-isobutylideneisobutylamine
NS00103061,0,"2,5-Dimethylpyrrolidine"
NS00049871,0,TP2/Bisphenol A bis(2-hydroxyethyl ether) diacrylate
NS00020835,0,"1,4-Benzenedimethanamine"
NS00070663,0,"3H-Pyrazolo[4,3-D]pyrimidin-7-Ol"
NS00024984,1,Di-p-toluohydrazide
NS00048539,0,"Cyclohex-1,3-ylenediamine"
NS00050883,0,"1-Hexanamine, N,N-dihexyl-"
NS00023184,0,"2,4,6-Trimethylpiperidine"
NS00038078,1,10-Acetyl-2-propionyl-10H-phenothiazine
NS00058126,0,"2,3,3-Trimethyl-5-(phenylsulphonyl)-3H-indole"
NS00003568,0,"Ethanol, 2-(butylamino)-"
NS00020015,0,3-Methylpiperidine
NS00022559,0,Tetradecanamide
NS00049970,0,Tetrahydro-3-methyl-2H-pyran
NS00047350,1,"1,3,2-Dioxathiepane 2-oxide"
NS00024107,0,"Acetic acid, oxo-, ethyl ester"
NS00021386,0,"Glycine, butyl ester, hydrochloride"
NS00049739,0,"9-Cycloheptadecen-1-one, (9Z)-"
NS00012121,0,"(S)-3-(1,1-dimethylethyl)oxazolidine-5-methanol"
NS00021164,0,2-(Tert-Butylamino)ethanol
NS00031630,0,1-Piperidinebutyronitrile
NS00049154,0,4-(1-Naphthylimino)butan-2-ol
NS00103063,0,"TP1/1,3-Propanediamine, 2,2-dimethyl-"
NS00037375,0,"1,3-Dimorpholinopropan-2-ol"
NS00014656,1,"Benzaldehyde, 2,5-dihydroxy-"
NS00035339,0,Diphenylaminoethanol
NS00033853,0,"1,3,4,6,7,8-Hexahydro-2H-pyrimido(1,2-a)pyrimidine"
NS00029114,0,"2-Ethyl-N,N-dimethylbutyramide"
NS00083227,0,Piperidinium acetate
NS00009128,0,"2,4,4'-Tribromodiphenyl ether (BDE 28)"
NS00020358,0,2-((2-Hydroxyethyl)(3-methoxypropyl)amino)ethyl methacrylate
NS00077972,0,Glycyl-L-leucine
NS00014842,0,"6-Amino-2,2-dimethyl-1,3-dioxepan-5-ol--hydrogen chloride (1/1)"
NS00046875,1,Dodecyl 5-methyl-8-quinolyl sulphate
NS00030962,0,4-Methoxy-2-methyl-N-phenylaniline
NS00048033,0,NS00100442
NS00100442,0,3-(Dimethylamino)acrylonitrile
NS00005426,1,Propylphosphonic acid
NS00068274,0,L-valinol | L-(+)-valinol
NS00009293,0,4-Methyl-2-pentanone
NS00072239,0,Imagabalin
NS00050314,0,"5,10-Diethyltetradec-7-yne-6,9-diol"
NS00004649,0,Aminopropylvinylether
NS00057962,0,Dimethyl butylmalonate
NS00022391,0,Diethylammonium acetate
NS00026488,0,2-Methyl-3-pentanone
NS00045407,0,"2,3-Dihydro-2,5,6-trimethylpyrazine"
NS00084328,0,Ethyl 3-aminobutyrate
NS00055624,0,NS00015633
NS00015633,0,"2-Propanamine, N-ethyl-"
NS00003147,0,Epolamine
NS00041660,0,"1,2-Dimethylpyrrolidine"
NS00004595,0,2-Phenylethyl 3-phenylprop-2-enoate
NS00013113,0,"2,2'-(Oxydimethanediyl)bis(2-ethylpropane-1,3-diol)"
NS00058710,0,4-(Hydroxypropyl)piperidine-1-ethanol
NS00077091,0,"2,3-Dimethylbutyraldehyde"
NS00045581,0,(E)-Hexadec-9-enoic acid
NS00067895,1,Cinnzeylanol
NS00049782,0,1-Methylpiperidin-3-ol
NS00058643,0,Methyl valerimidate hydrochloride
NS00017692,0,2-[2-[2-(2-Hydroxypropoxy)propoxy]propoxy]-1-propanol
NS00059793,1,Methyl (methylsulphinyl)acetate
NS00001177,1,Daphnetin
NS00076944,0,"1,3-Dioxolane-2-propylamine"
NS00031374,0,"But-2-ene-1,4-diol"
NS00056626,0,"Potassium N,N-dimethyl-ß-alaninate"
NS00035214,0,Octanamide
NS00056259,0,"3-(Dipropylamino)propane-1,2-diol"
NS00013947,0,"2,6,10-Trimethyl-5,9-undecadienal"
NS00024563,0,"Aspartic acid, 1,4-diethyl ester"
NS00013311,0,2-Methyl-5-vinylpyridine
NS00013576,0,PEG-3 LAURAMIDE
NS00066740,0,"2-Ethyl-4-(2,2,3-trimethyl-3-cyclopenten-1-yl)-2-butenyl acetate"
NS00078822,1,"2,3-Dihydroxybutanedioic acid"
NS00017694,0,PPG n5
NS00036833,0,"1,2,3,4,4A,5,6,7-Octahydro-2,2,4a,7,7-pentamethyl-1,8-naphthyridine"
NS00097758,0,3-Fluoro methoxyacetyl fentanyl
NS00070757,0,"(2S)-2,8-Diaminooctanoic Acid"
NS00009403,0,6-Acetamido-2-aminohexanoic acid
NS00008574,0,"1,2,3,4-Tetrahydro-beta-carboline-3-carboxylic acid"
NS00098076,0,Ethyl 4-[(3-ethoxy-3-oxopropyl)(methyl)amino]butanoate
NS00021124,0,"Hexane-1,2,5,6-tetrol"
NS00046652,0,"Benzoic acid, 3,5-diamino-4-chloro-, 2-methylpropyl ester"
NS00044360,0,"1,1-Dimethyl-3-oxobutylammonium hydrogen oxalate"
NS00022090,1,"Cyclopropanemethanamine, N-propyl-"
NS00064773,0,1-Methoxypiperidin-4-ol
NS00103993,1,"TP2/Bis[(3,4-epoxycyclohexyl)methyl] adipate"
NS00035054,0,2-Isopropenylpyridine
NS00028102,0,3-Methyl-4-(methylthio)phenyl methylcarbamate
NS00056605,0,"3-Methyl-1,2-oxathiolane 2,2-dioxide"
NS00076300,0,1-Amino-2-methylbutan-2-ol
NS00044494,1,"4,4'-Oxybisbutan-2-ol"
NS00037504,0,1-Octadecanamine
NS00079789,0,"N-(1,1-dimethylethyl)formamide"
NS00009570,0,Leucine hydroxamate
NS00048782,0,1-Ethylpyrrolidine
NS00069026,0,1-(2-Chloroethyl)-3-methylpiperidine
NS00021911,0,"2-Propen-1-amine, N-methyl-N-2-propenyl-"
NS00053892,0,1-(Methylsulphonyl)acetone
NS00031990,1,Levocarnitine
NS00065754,0,2-(2-Hydroxybutoxy)butan-1-ol
NS00065876,0,1-(Allyloxy)-3-aminopropan-2-ol
NS00070598,0,"Propanedioic acid, diethyl-, dimethyl ester"
NS00044347,0,"3-(N,N-diisopropylamino)propane-1,2-diol"
NS00028259,0,2-Ethoxy-1-methyl-2-oxoethyl butyrate
NS00023592,0,N-(octan-2-yl)formamide
NS00063069,0,"Acetamide, N-butyl-"
NS00103126,0,"TP1/N,N'-Diisopropylethylenediamine"
NS00049029,0,Pyrrolidine-2-ethanol
NS00059567,1,"3-Methyl-2-(3-methylbut-2-enyl)butane-1,3-diyl diacetate"
NS00004118,0,"2,4,4-Trimethyl-2-pentanamine"
NS00039519,0,Methyl glycidyl ether
NS00064162,0,"2-Methyl-3-(1,7,7-trimethylbicyclo[2.2.1]hept-2-en-2-yl)propyl acetate"
NS00079739,1,"Butanedioic acid, 2,3-dihydroxy- (2R,3R)-, copper(2+) salt (1:1)"
NS00031611,1,"(Z)-2,6-Dimethylmorpholine"
NS00003589,0,"1-Butanamine, N-methyl-"
NS00023546,0,Tripropylamine
NS00004814,0,Hexahydro-2H-azocine-1-acetonitrile
NS00038659,0,Allopurinol
NS00000618,1,Diisopropanolamine
NS00001427,0,Potassium cyclohexanebutyrate
NS00088265,1,2-[2-(Tetrahydro-2-furyl)ethyl]pyridine
NS00060737,0,"5-Acetyl-5H-dibenz[b,f]azepine"
NS00010752,1,L-TERT-LEUCINE
NS00077713,0,"1,2-Ethanediamine, N,N-diethyl-N'-phenyl-"
NS00025447,0,1-Methyl-2-piperidinemethanol
NS00027488,0,"1-(2,4-Dichlorophenyl)-2-(1H-imidazol-1-yl)ethan-1-one"
NS00051266,0,"1H-Pyrazolo[3,4-d]pyrimidin-4-amine"
NS00034751,0,"Ethanamine, 2-methoxy-N-(2-methoxyethyl)-"
NS00023594,0,"1,1'-(Propylenedioxy)dipropan-2-ol"
NS00047740,0,Diisooctyl hydrogen phosphate
NS00068687,0,Disulfoton
NS00083791,0,"4-(Hydroxymethyl)oxazolidine-2,5-dione"
NS00002187,0,N-heptylformamide
NS00033036,0,3-Cyclohexylaminopropiononitrile
NS00051933,1,"1-Propanamine, 3-(2-methoxyethoxy)-"
NS00037018,0,Isobutyloxirane
NS00050423,0,Tert-butyl 3-aminopropanoate
NS00035289,0,5-[Ethyl(2-hydroxyethyl)amino]pentan-2-one
NS00081262,0,N-methylene-tert-butylamine
NS00015191,0,"Hexamethylbenzene-a1,a4-diamine"
NS00059180,0,3-Pentanamine
NS00051247,0,D-(-)-norvaline
NS00058760,0,"N,N-Dimethylpyridin-1-amine"
NS00033822,0,Piperonyl sulfoxide
NS00021566,1,"15-Methyl-2,5,8,11,14-pentaoxahexadecane"
NS00037404,0,"1,5-Cyclopentadecanedione, 3-methyl-"
NS00049449,0,Diethyl dimethylmalonate
NS00057017,0,N-acetyl-L-tryptophanamide
NS00003265,0,1-(Ethylamino)propan-2-ol
NS00025284,0,8-Cyclopentadecen-1-one
NS00048161,0,Cycloheptylmethylamine
NS00060994,0,"2,3-Dideoxyhexitol"
NS00058022,0,"2,2'-Oxybisbutan-1-ol"
NS00096168,0,"Oxazolidine, 2-ethyl-4,4-dimethyl-"
NS00102969,1,TP1/dl-Diepoxybutane
NS00036156,0,N-Ethylmorpholine
NS00019859,0,4-Cyclohexadecen-1-one
NS00043125,0,2-Amino-4-methylpentan-1-ol
NS00031777,0,Butylammonium acetate
NS00083168,0,"1,1,2-Triethoxyethane"
NS00008836,0,2-Hexanone
NS00030740,0,"Pyrrolidine, 1-butyl-"
NS00037835,0,(Z)-octadec-6-enoic acid
NS00042695,0,NS00103234
NS00103234,0,N-(Naphthalen-1-yl)-1-pentyl-1H-indole-3-carboxamide
NS00017624,0,TP1/Ethyl acetoacetate
NS00103580,0,Ethyl hydrogen diethylmalonate
NS00102621,0,"Methanamine, N-(phenylmethylene)-"
NS00001071,0,TP2/N-Ethylcyclohexylamine
NS00038699,0,Methyl L-ornithine dihydrochloride
NS00080182,0,(+-)-Norvaline
NS00102940,0,TP1/Mepiquat chloride
NS00047656,1,NS00077175
NS00077175,0,Dibutylammonium isobutyrate
NS00091206,0,NS00084300
NS00084300,0,4-Carboxyphenyl 4-(hexyloxy)benzoate
NS00032610,0,2-Hydroxyethyl mercaptoacetate
NS00071970,0,5-Amino-6-cyclohexyl-4-hydroxy-2-isobutyl-hexanoic acid
NS00052167,0,"2,2,4-Trimethyl-7-(1,1,3,3-tetramethylbutyl)chroman-6-ol"
NS00021815,0,"1-Propanol, 2-[2-(benzoyloxy)propoxy]-, 1-benzoate"
NS00011578,0,Cefetamet pivoxil
NS00102539,0,TP1/Decyldimethylamine
NS00065126,0,"(1A,2ß,5a)-2-isopropyl-5-methylcyclohexyl octanoate"
NS00069696,0,Ppi-2458
NS00025205,0,"2-Butyl-5,6-dihydro-3-methylpyrazine"
NS00061163,0,"Octahydro-3,5,5,8,8-pentamethylnaphthalene-2(1H)-one"
NS00045262,0,"N,1-dimethylpropylamine"
NS00032662,0,"2-Heptanone, oxime"
NS00050499,0,2-Amino-3-methylpentan-1-ol
NS00019884,0,"N,N'-bis(1-methylethyl)benzene-1,4-diamine"
NS00047836,0,"Butyronitrile, 1-(hexahydro-1H-azepin-1-yl)-"
NS00029195,0,Pyrrolidine-1-valeronitrile
NS00061544,0,Methyl 3-(diethylamino)-2-methylpropionate
NS00049392,0,NS00073399
NS00049181,0,"1,4-Dimethylpiperazine"
NS00073399,0,2-Ethyl-3-methylpentanamide
NS00004327,0,"1H-Indole-3-carboxaldehyde, 1-methyl-2-phenyl-"
NS00025767,1,"4-Piperidinol, 1-hydroxy-2,2,6,6-tetramethyl-, 2-hydroxy-1,2,3-propanetricarboxylate (3:1) (salt)"
NS00059323,0,[2-[2-Isobutoxymethylethoxy]methylethoxy]propanol
NS00002500,0,DL-Valine
NS00036725,0,"Propanenitrile, 3-(isononyloxy)-"
NS00103163,0,TP1/6-Methylhept-5-en-2-ol
NS00067382,0,5-Amino-4-hydroxy-4-(2-methylphenyl)-2-propan-2-ylpyrazol-3-one
NS00056319,0,Isovaleryl diethylamide
NS00032720,0,"1,3-Benzodioxole, 5-methyl-"
NS00022720,0,"2,6-Dimethylbenzene-1,3,5-triamine"
NS00063971,0,(R)-2-hydroxy-4-(methylthio)butyric acid
NS00089644,1,"2,3-Dimethylcyclohexylamine"
NS00013464,1,"2-Naphthalenol, 1-nitroso-"
NS00076962,0,N-hexyl-N-(3-phenylpropyl)hexan-1-amine
NS00082710,0,Ethyl L-lysinate
NS00031545,0,2-(1H-Purin-6-ylamino)ethanol
NS00054205,0,N-ethyl-2-methyl-1-(1-methylethyl)cyclopentanecarboxamide
NS00032539,0,NS00014224
NS00049489,0,2-(Methylamino)butan-1-ol
NS00014224,0,Propyl aminoacetate hydrochloride
NS00050119,0,"Indeno[4,5-d]-1,3-dioxin, 4,4a,5,6,7,8,9,9b-octahydro-7,7,8,9,9-pentamethyl-"
NS00051054,0,3-(3-Hydroxybutoxy)butan-1-ol
NS00019896,0,Azetidine
NS00087969,0,"2,3-Dihydro-5,7-dimethyl-1H-1,4-diazepine monoperchlorate"
NS00043094,0,TP2/6-Aminocaproic acid
NS00043495,0,"N-(a,a-dimethylphenethyl)formamide"
NS00048741,1,"4-Methyl-1,3,2-dioxathiane 2-oxide"
NS00059675,0,(R)-a-cyclohexanemethylamine
NS00102757,0,L-homophenylalanine
NS00042397,0,Ethyl N-methylaminoacetate hydrochloride
NS00047406,0,"Pentanal, 4-methyl-"
NS00021523,0,"Ethanone, 1-(2,4-dihydroxyphenyl)-"
NS00039344,1,Acetic anhydride
NS00004253,0,Cyclohexanemethylamine
NS00029228,0,Isovaline
NS00068427,0,"Ethyl decahydro-2,5,5,8a-tetramethylnaphthalene-1-acetate"
NS00078288,0,"1-Methyl-3,5,7-triaza-1-azoniatricyclo[3.3.1.13,7]decane iodide"
NS00066742,0,Piperidin-2-ylmethanol
NS00021561,0,(+/-)-Norleucine
NS00089130,0,D-lysine
NS00003070,0,"TP1/1-Hexanol, 6-(dimethylamino)-"
NS00015352,0,"Ethanol, 2-(propylamino)-"
NS00079897,0,"N,N-Dimethylpropylamine"
NS00025345,0,"2-Hexanone, oxime"
NS00103703,0,"Adipic acid, compound with hexane-1,6-diamine (1:1)"
NS00033390,0,3-Methyl-1-vinyl-1H-imidazolium methyl sulphate
NS00050547,0,4-(Diethylamino)benzaldehyde
NS00016770,0,MJN110
NS00050383,0,Cis-2-ethylcyclopropanemethanol
NS00012566,0,1-Hexen-3-ol
NS00036091,0,"Morpholine, 4-(1-cyclohexen-1-yl)-"
NS00032234,0,N-Ethyl-1-isopropylcyclohexanecarboxamide
NS00051660,0,3-Ethyl-2-propylquinoline
NS00020295,0,Tris(2-hydroxyethyl)ammonium myristate
NS00088400,0,Butyl glycinate
NS00083296,0,Diethylformamide
NS00019831,0,5-Ethyl-2-methylpiperidine
NS00041360,0,"2,4-Dibutyl-6-ethylphenol"
NS00062764,0,L-Norvaline
NS00082367,0,"N-(1,2,2-trimethylpropyl)formamide"
NS00066673,0,Cis-vaccenic acid
NS00071142,0,"Tetrahydrofurfuryl-N,N-dimethylamine"
NS00004273,0,Diethylene glycol diethyl ether
NS00067660,0,"(3A,5ß,12ß)-3,12,14-trihydroxycard-20(22)-enolide"
NS00080512,1,Omega-Aminoenantic acid
NS00001813,1,N-(tetrahydrofurfuryl)-N-methylamine
NS00039505,0,"TP1/1,3-Propanediamine, N-cyclohexyl-"
NS00046935,0,"1-Propanamine, 3-(1-methylethoxy)-"
NS00102766,0,"N,N-Diethylglycine"
NS00004349,0,"N,N-diethylguanidine"
NS00025233,0,Ethyl L-valinate hydrochloride
NS00025785,0,Piperonal
NS00102852,1,Salicylic acid
NS00010274,1,"TP1/2,3-Dichloro-1-propanol"
NS00030695,0,2-Amino-4-oxobutanoic acid
NS00020601,0,1-Methoxy-2-[(1-methoxypropan-2-yl)oxy]propane
NS00069418,1,1-(Aminomethyl)cyclohexan-1-ol
NS00113455,0,"Hexanedioic acid, compd. with 2-methyl-1,5-pentanediamine (1:1)"
NS00024893,0,Tetrahydrodemethoxydiferuloylmethane
NS00060569,1,"N-[4-(4,5-dihydro-3-methyl-5-oxo-1H-pyrazol-1-yl)phenyl]acrylamide"
NS00058119,0,4-[(Methylamino)acetyl]morpholine
NS00066638,0,1-(8-Isopropyl-6-methylbicyclo[2.2.2]oct-5-en-2-yl)ethyl acetate
NS00024523,0,Ethyl diethanolamine
NS00003203,0,3-Dimethylaminopropionitrile
NS00041502,0,DL-a-methylleucine
NS00027057,0,4-Dimethylamino-3-methyl-2-butanone
NS00038408,0,N-ethyl-2-hydroxypropionamide
NS00045008,0,Ethyl cis-4-amino-3-hydroxypiperidine-1-carboxylate
NS00004620,0,N-Butyl-1-butanamine
NS00062292,0,"2-Ethyl-2-[[[2-(hydroxymethyl)butoxy]methoxy]methyl]propane-1,3-diol"
NS00009507,0,"Ethanol, 2-[(1-methylpropyl)amino]-"
NS00077808,0,AMINO-HYDROXYADaMANTANE
NS00023584,0,"Formamide, N-butyl-N-methyl"
NS00039110,0,Ethyl N-ethyl-ß-alaninate
NS00050728,0,"Propanenitrile, 3-(C8-10-alkyloxy) derivs."
NS00062389,0,"2-Ethyl-N,N-dimethylbutylamine"
NS00071557,0,"3,3-Dimethylbutyraldehyde"
NS00003094,0,"1-Butanamine, 4,4-dimethoxy-"
NS00028794,0,"Ethane, nitroso-"
NS00054347,0,3'-Fluoro-4'-methoxycinnamic acid
NS00042511,1,3-(1-Naphthyl)acrylic acid
NS00051870,0,2-Hydroxytetrahydrofuran
NS00013310,0,"TP1/1-Propanamine, N-ethyl-"
NS00103531,0,"2-Pentanone, 5-(ethylamino)-"
NS00034093,0,"Tricyclo[6.3.1.02,5]dodecan-1-ol, 4,4,8-trimethyl-, 1-formate"
NS00066316,0,2-Methylpyrrolidine
NS00079617,0,"3-[[1-(2-Aminoethyl)-4,5-dihydro-1H-imidazol-2-yl]methyl]tetrahydro-2H-pyran-2-one"
NS00036336,0,"Cyclopropanamine, N-methyl-N-propyl-"
NS00000537,0,Pregabalin
NS00076853,0,Morpholine Laurate
NS00028244,0,"N,N-Bis(1-methylethyl)formamide"
NS00089295,0,"2,2-Diethoxyethyl(methyl)ammonium chloride"
NS00046666,0,"3-Morpholinopropane-1,2-diol"
NS00001293,0,Omega-Aminocaprylic acid
NS00022957,0,1-(2-(2-Hydroxyethoxy)ethyl)piperazine
NS00102505,0,"4-Methyl-1,3-dioxolane"
NS00021525,0,Asymmetric dimethylarginine
NS00041947,0,"N-Dodecyl-4-ethyl-N,N-dimethyl-benzenemethanaminium"
NS00003658,0,Nonanamide
NS00068530,0,"TP1/N,N-Dimethyltetradecylamine"
NS00046588,0,Hex-4-en-3-ol
NS00101072,1,"Rel-(1R,2S,3R,4S)-7-Oxabicyclo[2.2.1]heptane-2,3-dicarboxylic acid"
NS00012985,0,"2-Octanone, oxime"
NS00037328,0,"2H-1-Benzopyran-2-carboxylic acid, 6-fluoro-3,4-dihydro-"
NS00006551,1,"Acetamide, N,N-dipropyl-"
NS00023577,0,Methyl propanoate
NS00050024,0,"5,A-dimethyloxazolidine-3-ethanol"
NS00012347,0,1-(2-Ethoxypropoxy)propan-2-ol.
NS00084742,0,Hexanamide
NS00013909,0,5-Methyl-L-norleucine
NS00029187,0,"4,4-Dimethoxypiperidin-3-ol"
NS00059437,0,Enanthamide
NS00068723,0,N-ethylallylamine
NS00023917,0,1-(2-Chloroethyl)-2-methylpiperidine
NS00104055,0,"3-Chlorobutane-1,2-diol"
NS00090514,0,6-tert-Butyloctahydronaphthalen-2(1H)-one
NS00048061,0,"2,4,6-Tribromodiphenyl ether"
NS00059070,1,TP3/2-((Hydroxymethyl)amino)-2-methyl-1-propanol
NS00103069,0,"2-Ethylhexane-1,2,3-triol"
NS00077079,0,"TP2/1,3-Dihydro-1,3-dioxo-2H-isoindole-2-hexanoic acid"
NS00058541,0,"1-Piperazinecarboxylic acid, ethyl ester"
NS00102993,0,TP1/2-(tert-Butylamino)ethyl 2-methylprop-2-enoate
NS00093128,0,"Dodecanedioic acid, sodium salt, compound with N-(2-aminoethyl)-N'-[2-[(2-aminoethyl)amino]ethyl]ethylenediamine"
NS00001592,0,2-(M-benzoylphenyl)propionitrile
NS00002833,1,"N,N-Dimethyldodecylamine-N-oxide"
NS00043394,1,&lt;U+03B3&gt;-oxo-a-phenylbenzenebutyronitrile
NS00103031,0,"TP2/2,2'-Azobis(2-methylpropanenitrile)"
NS00008322,0,Dipropylene glycol monoethyl ether
NS00029425,0,"2-Pyrazoline, 3-amino-1-phenyl-"
NS00048102,1,Bis(2-cyanoethyl)phosphine oxide
NS00046705,0,"3-(Isopropylamino)propane-1,2-diol"
NS00053310,0,"4,5-Dihydro-2-vinyl-1H-imidazole"
NS00005073,0,"2,6-Dimethylcyclohexylamine"
NS00034845,1,"Benzoic acid, 3-formyl-"
NS00012154,0,8-Cyclohexadecen-1-one
NS00005896,0,BDE-37
NS00077067,0,"Phosphoric acid, dioctyl ester, sodium salt"
NS00024955,0,4-Vinylaniline
NS00025070,0,(2S)-N-[2-(1H-imidazol-2-yl)ethyl]pyrrolidine-2-carboxamide
NS00025203,0,"Pentane, 2-isocyano-2,4,4-trimethyl-"
NS00024737,0,"2,3-Dihydro-5,6-dimethylpyrazine"
NS00001533,0,2-Methylprop-2-ene-1-sulfonic acid
NS00044317,0,4-Aminobutyrate ethyl hydrochloride
NS00001656,1,"6,7-Dihydro-5H-2-pyrindine"
NS00028038,0,1-Pyrrolidinepropionitrile
NS00032722,0,(R)-1-(methoxymethyl)propylamine
NS00053093,0,Abiet-8(14)-en-18-oic acid (NSC18746)
NS00048573,0,"(R)-5-phenyl-1,3-dioxolane-2,4-dione"
NS00059396,1,"4,5-Dihydro-2-methyl-1-vinyl-1H-imidazole"
NS00042372,0,4-Amino-4-methylpentan-2-ol
NS00055816,0,1-(2-Chloroethyl)-2-methylpiperidinium chloride
NS00069884,0,3-(1H-Tetrazol-5-Ylamino)cyclohex-2-En-1-One
NS00023578,0,Triisobutylamine
NS00070700,0,NS00077899
NS00077899,0,Dnc008738
NS00006947,0,TP1/N-Methylpyrrolidine
NS00102676,0,TP1/Hordenine
NS00103702,0,Spiroxamin-N-oxid
NS00006343,0,"N,N-Diethylethanolamine"
NS00031043,0,1-(2-Pyridyl)cyclohexan-1-ol
NS00009116,0,Beta-Alanine
NS00021193,0,4-Ethyloxazolidine
NS00056492,1,2-(2-Ethoxybut-1-enyl)-3-methyl-5-phenylbenzoxazolium p-toluenesulphonate
NS00055249,0,"Disodium 7-[[4-[(4-amino-o-tolyl)azo]phenyl]azo]naphthalene-1,3-disulphonate"
NS00076568,0,G-Octadecalactone
NS00090865,0,"Formic acid, compound with N,N-dimethylcyclohexylamine (1:1)"
NS00022164,0,"1,2-Ethanediamine, N-(phenylmethyl)-"
NS00025022,0,"Propanal, 3-(dimethylamino)-2,2-dimethyl-"
NS00054757,0,1-(3-Chloropropyl)piperazine dihydrochloride monohydrate
NS00010421,0,"(+/-)-3,4-(Methylenedioxy)amphetamine"
NS00050003,0,2-Methylquinuclidin-3-ol
NS00068426,1,"Benzenamine, 4-ethoxy-N-phenyl-"
NS00102670,0,"TP2/N'-[3-(Dimethylamino)propyl]-N,N-dimethylpropane-1,3-diamine"
NS00023105,0,Hex-2-en-1-ol
NS00083555,0,"N3,N4-Dimethyl-L-arginine"
NS00057499,0,2-Amino-3-ketobutyrate
NS00015010,0,"Diphenyl ether, tribromo derivative"
NS00065713,0,"Octahydro-5-isobutyl-4,7-methano-1H-inden-5-yl acetate"
NS00055668,0,2-(2-Chloroethyl)-1-methylpiperidinium chloride
NS00005233,0,"Alpha-Chlorohydrin, (-)-"
NS00077624,1,"Butanoic acid, 3-amino-2,2,3-trimethyl-, methyl ester"
NS00053390,0,"Decahydro-1,1,7-trimethyl-3a,7-methano-3aH-cyclopentacyclooct-3-yl formate"
NS00045412,0,"4-(3,3-Dimethylbicyclo[2.2.1]hept-2-yl)-2-methylbutyl acetate"
NS00063187,0,"7-Methoxy-a,10-dimethyl-10H-phenothiazine-2-acetaldehyde"
NS00020241,0,TP1/Epolamine
NS00104144,0,3-Methylpent-1-en-3-ol
NS00041614,0,"2,4-Dimethyl-1H-imidazole"
NS00055493,0,"1-(4,4-Diethoxybutyl)piperidin-2-one"
NS00073393,0,1-[4-(1-Aminoethyl)phenyl]-2-(tert-butylamino)ethan-1-ol
NS00103541,0,TP1/2-Aminoethyldiethylamine
NS00020765,0,3-Oxazolidineethanol
NS00020886,0,"2,6,10,10-Tetramethylbicyclo[7.2.0]undecan-3-one"
NS00061373,0,"2-Isopropyl-N,N,2-trimethylhexanamide"
NS00057538,0,Ethylene glycol monovinyl ether
NS00023120,0,Cyclohexylphenylacetonitrile
NS00046251,0,"Morpholine, 4-(2-methoxyethyl)-"
NS00079461,0,D-(-)-norleucine
NS00056818,0,2-Pentanamine
NS00081999,0,"TP1/Propanamide, 2,2'-(1,2-diazenediyl)bis[N-(2-hydroxyethyl)-2-methyl-"
NS00103033,0,Ethyl alaninate
NS00056522,0,NS00056522
NS00003384,1,Phenylpyruvic acid
NS00091774,0,Triammonium hydrogen [[(1-methylethyl)imino]bis(methylene)]bisphosphonate
NS00033899,0,"Hexanamide, N,N-dimethyl-"
NS00047694,0,"1,4-Bis(2-methylprop-1-enyl)piperazine"
NS00051920,0,NS00051920
NS00103064,0,NS00069968
NS00069968,0,"Butanamide, 3-methyl-"
NS00032973,0,1-Octyl-2-pyrrolidone
NS00065576,0,Ethyl 3-(dimethylamino)butyrate
NS00047053,1,"1H-phenalene-1,3(2H)-dione"
NS00011456,0,"2-Azabicyclo[2.2.1]heptane, 2-methyl-"
NS00001827,0,1-(Methoxymethyl)propylamine
NS00009745,0,L-Isoleucine
NS00087463,0,"TP1/1-Propanol, 3-amino-2,2-dimethyl-"
NS00070222,0,2-Aminohexanal
NS00060112,0,"2-(2,6-Dimethylhepta-1,5-dienyl)-4,4,6-trimethyl-1,3-dioxane"
NS00001756,0,2-[2-(Dimethylamino)ethoxy]ethanol
NS00068268,0,L(+)-isoleucine
NS00060995,0,"1,4-Piperazinediethanol"
NS00019423,0,"2-Methyl-1,4-bis(2-methylprop-1-enyl)piperazine"
NS00020367,0,N-Hydroxy-4-methylpentan-2-imine
NS00032723,0,"6,7-Dihydro-5H-cyclopenta(b)pyridine"
NS00029657,0,Methyl N-ethyl-beta-alaninate
NS00030690,0,"3H-1,2,3-Triazolo[4,5-b]pyridine, 3-hydroxy-"
NS00043025,1,Dimethyl hydrogen phosphite
NS00063620,0,3-Methyl-5-cyclohexadecen-1-one
NS00096396,0,N6-Acetyl-L-lysine
NS00026641,0,"4-Methyl-1,3-benzodioxole"
NS00039528,0,4-Aminohexanoic acid hydrochloride
NS00070100,0,Cyclohexyl isocyanide
NS00036358,0,"1,3-Propanediamine, N-(3-aminopropyl)-N-methyl-N'-(2-nitrophenyl)-"
NS00030792,0,4-Methoxypiperidine
NS00005670,0,"Piperidine, 1-ethyl-"
NS00019591,0,"Acetic acid, 2-(dimethylamino)ethyl ester"
NS00025712,0,Ethyl L-norvalinate--hydrogen chloride (1/1)
NS00040891,0,N-Methylcyclohexanamine
NS00079263,0,1-Ethylpyrrolidin-3-ol
NS00050874,0,"5,8,10,13-Tetraoxaheptadecane"
NS00054038,0,3-Methylvaleraldehyde
NS00029419,0,5-Diethylamino-2-pentanone
NS00023351,0,N-L-alanyl-L-valine
NS00002117,0,Ethyl 3-(diethylamino)propionate
NS00102555,0,NS00102555
NS00049631,0,"1,4-Piperazinedimethanol"
NS00049754,1,1-Chloro-3-methoxypropan-2-ol
NS00061000,0,3-Aminopyridine-2-butyronitrile
NS00032206,0,"Ethyl N-(2,3-dimethyl-2-isopropyl-1-oxobutyl)glycinate"
NS00012175,0,(4Z)-Cyclopentadec-4-en-1-one
NS00034073,0,"1H-Azepin-1-amine, hexahydro-"
NS00008227,0,2-Amino-6-methylheptane
NS00053964,0,1-Ethylpiperidin-3-ol
NS00050350,0,Sodium 2-(diethylamino)ethanolate
NS00078623,0,"TP2/1-Propanamine, 3,3'-[1,4-butanediylbis(oxy)]bis-"
NS00102776,0,D-valine
NS00047358,1,1-Aminocyclohexanecarbonitrile
NS00044587,0,"Methanaminium N,N,N-trimethyl-, salt with 2,2-dimethylpropanoic acid"
NS00079647,0,N-formyl-DL-alanine
NS00002753,0,"2-Propanamine, N-ethyl-N-(1-methylethyl)-"
NS00022475,0,"9-Decenamide, N,N-dimethyl-"
NS00002629,0,"2,4,6-Triaminotoluene"
NS00039235,0,"Formic acid, propyl ester"
NS00021517,0,Methylpyruvate
NS00042249,0,"4,5-Dihydro-2,4-dimethyl-1H-imidazole"
NS00027948,0,"Butanal, 4-hydroxy-"
NS00002328,0,Nelarabine
NS00015599,0,"2,4-Di-tert-pentylphenol"
NS00029444,0,3-Hydroxybenzoic acid
NS00014563,1,1-[2-Chloro-3-(2-methylpropoxy)propyl]pyrrolidine
NS00058298,1,"Glycine, N,N-dimethyl-, ethyl ester"
NS00003106,0,3-Hydroxybutanal
NS00035223,0,"Heptanal, oxime"
NS00055812,0,Sodium 5-[[4-[bis(2-hydroxyethyl)amino]phenyl]azo]-8-(phenylazo)naphthalene-2-sulphonate
NS00081299,0,9-Octadecenoic acid
NS00051748,0,2-(Dimethylamino)propan-1-ol
NS00031211,0,L-2-Aminosuberic acid
NS00001048,0,1-Ethyl-1H-imidazole
